{
	"description": "项目配置文件",
	"packOptions": {
		"ignore": []
	},
	"setting": {
		"urlCheck": false,
		"es6": true,
		"postcss": true,
		"minified": true,
		"newFeature": true,
		"coverView": true,
		"autoAudits": false,
		"checkInvalidKey": true,
		"checkSiteMap": true,
		"uploadWithSourceMap": true,
		"babelSetting": {
			"ignore": [],
			"disablePlugins": [],
			"outputPath": ""
		}
	},
	"compileType": "miniprogram",
	"libVersion": "2.9.4",
	"appid": "wx2fd9b74df11746f9",
	"projectname": "%E6%9D%8F%E6%9E%97%E7%AD%94%E9%A2%98",
	"debugOptions": {
		"hidedInDevtools": []
	},
	"isGameTourist": false,
	"simulatorType": "wechat",
	"simulatorPluginLibVersion": {},
	"condition": {
		"search": {
			"current": -1,
			"list": []
		},
		"conversation": {
			"current": -1,
			"list": []
		},
		"plugin": {
			"current": -1,
			"list": []
		},
		"game": {
			"currentL": -1,
			"list": []
		},
		"gamePlugin": {
			"current": -1,
			"list": []
		},
		"miniprogram": {
			"current": -1,
			"list": [
				{
					"id": -1,
					"name": "pages/practice/practice",
					"pathName": "pages/practice/practice",
					"query": "",
					"scene": null
				},
				{
					"id": -1,
					"name": "pages/mine/mine",
					"pathName": "pages/mine/mine",
					"query": "",
					"scene": null
				},
				{
					"id": -1,
					"name": "pages/test/test",
					"pathName": "pages/test/test",
					"query": "",
					"scene": null
				},
				{
					"id": -1,
					"name": "pages/collect/collect",
					"pathName": "pages/collect/collect",
					"query": "",
					"scene": null
				},
				{
					"id": -1,
					"name": "pages/questionBank/questionBank",
					"pathName": "pages/questionBank/questionBank",
					"query": "",
					"scene": null
				},
				{
					"id": -1,
					"name": "pages/classification/classification",
					"pathName": "pages/classification/classification",
					"query": "",
					"scene": null
				},
				{
					"id": -1,
					"name": "pages/thirdClass/thirdClass",
					"pathName": "pages/thirdClass/thirdClass",
					"query": "",
					"scene": null
				},
				{
					"id": -1,
					"name": "pages/index/index",
					"pathName": "pages/index/index",
					"query": "",
					"scene": null
				},
				{
					"id": -1,
					"name": "pages/feed/feed",
					"pathName": "pages/feed/feed",
					"query": "",
					"scene": null
				},
				{
					"id": -1,
					"name": "pages/mine/about_us/about_us",
					"pathName": "pages/mine/about_us/about_us",
					"scene": null
				}
			]
		}
	}
}