{
  "id": "",
  "name": "",
  "font_family": "iconfont",
  "css_prefix_text": "icon-",
  "description": "",
  "glyphs": [
    {
      "icon_id": "46958900",
      "name": "用户",
      "font_class": "geren",
      "unicode": "e600",
      "unicode_decimal": 58880
    },
    {
      "icon_id": "46958901",
      "name": "题库",
      "font_class": "tiku",
      "unicode": "e62e",
      "unicode_decimal": 58926
    },
    {
      "icon_id": "46958902",
      "name": "夜间模式",
      "font_class": "yejian",
      "unicode": "e652",
      "unicode_decimal": 58962
    },
    {
      "icon_id": "46958903",
      "name": "帮 助",
      "font_class": "bangzhu",
      "unicode": "e635",
      "unicode_decimal": 58933
    },
    {
      "icon_id": "46958904",
      "name": "返 回",
      "font_class": "youjiantou",
      "unicode": "e601",
      "unicode_decimal": 58881
    },
    {
      "icon_id": "46958905",
      "name": "关于我们",
      "font_class": "guanyuwomen",
      "unicode": "e602",
      "unicode_decimal": 58882
    },
    {
      "icon_id": "46958906",
      "name": "收 藏",
      "font_class": "shoucang",
      "unicode": "e74a",
      "unicode_decimal": 59210
    },
    {
      "icon_id": "46960879",
      "name": "错题",
      "font_class": "cuoti",
      "unicode": "e6d5",
      "unicode_decimal": 59093
    },
    {
      "icon_id": "46960880",
      "name": "自定义",
      "font_class": "zidingyi",
      "unicode": "e672",
      "unicode_decimal": 58994
    },
    {
      "icon_id": "46960881",
      "name": "历年真题",
      "font_class": "linianzhenti",
      "unicode": "e653",
      "unicode_decimal": 58963
    },
    {
      "icon_id": "2119701",
      "name": "选项",
      "font_class": "xuanxiang",
      "unicode": "e6a3",
      "unicode_decimal": 59043
    },
    {
      "icon_id": "7007356",
      "name": "交卷",
      "font_class": "jiaojuan",
      "unicode": "e66b",
      "unicode_decimal": 58987
    },
    {
      "icon_id": "9900203",
      "name": "收 藏 蓝色",
      "font_class": "shoucanglanse",
      "unicode": "e612",
      "unicode_decimal": 58898
    },
    {
      "icon_id": "10028009",
      "name": "返 回",
      "font_class": "toright",
      "unicode": "e503",
      "unicode_decimal": 58627
    }
  ]
}
